{
  "loss": [
    0.6655018925666809,
    0.4747963845729828,
    0.33392763137817383,
    0.29879575967788696,
    0.20841477811336517,
    0.24612154066562653,
    0.1518533080816269
  ],
  "accuracy": [
    0.649350643157959,
    0.7662337422370911,
    0.8701298832893372,
    0.8961039185523987,
    0.9220778942108154,
    0.9090909361839294,
    0.948051929473877
  ],
  "val_loss": [
    0.4849169850349426,
    0.33181771636009216,
    0.23754572868347168,
    0.2212723195552826,
    0.19590714573860168,
    0.16813088953495026,
    0.1683313399553299
  ],
  "val_accuracy": [
    0.800000011920929,
    0.8999999761581421,
    0.8999999761581421,
    0.8999999761581421,
    0.8999999761581421,
    0.8999999761581421,
    0.8500000238418579
  ]
}