{
  "loss": [
    0.6665084362030029,
    0.4104693830013275,
    0.25542712211608887,
    0.2163946032524109,
    0.16283255815505981,
    0.10290045291185379
  ],
  "accuracy": [
    0.6010638475418091,
    0.8297872543334961,
    0.9202127456665039,
    0.8989361524581909,
    0.9521276354789734,
    0.9627659320831299
  ],
  "val_loss": [
    0.4601312577724457,
    0.32612624764442444,
    0.22577358782291412,
    0.24898463487625122,
    0.20275744795799255,
    0.2621629536151886
  ],
  "val_accuracy": [
    0.957446813583374,
    0.8297872543334961,
    0.8723404407501221,
    0.8936170339584351,
    0.8723404407501221,
    0.8723404407501221
  ]
}