{
  "loss": [
    0.4092276692390442,
    0.20501254498958588,
    0.165013387799263,
    0.09859400987625122,
    0.08571884781122208,
    0.02690821699798107,
    0.049554601311683655,
    0.055394794791936874,
    0.018651241436600685,
    0.06900890916585922
  ],
  "accuracy": [
    0.7870967984199524,
    0.9096774458885193,
    0.9193548560142517,
    0.9580644965171814,
    0.9677419066429138,
    1.0,
    0.9838709831237793,
    0.9870967864990234,
    0.9967741966247559,
    0.9741935729980469
  ],
  "val_loss": [
    0.2831857204437256,
    0.23142795264720917,
    0.2107948213815689,
    0.24995246529579163,
    0.2548559010028839,
    0.25113731622695923,
    0.26257696747779846,
    0.2347819060087204,
    0.29288938641548157,
    0.45017412304878235
  ],
  "val_accuracy": [
    0.8589743375778198,
    0.9102563858032227,
    0.9487179517745972,
    0.9230769276618958,
    0.9615384340286255,
    0.9487179517745972,
    0.9487179517745972,
    0.9487179517745972,
    0.9358974099159241,
    0.9102563858032227
  ]
}